{"stats":{"minecraft:used":{"regions_unexplored:pine_planks":2,"travelersbackpack:brown_sleeping_bag":2,"minecraft:chest":1,"minecraft:shield":94,"minecraft:iron_sword":133,"regions_unexplored:blackwood_boat":4,"minecraft:obsidian":4,"regions_unexplored:blackwood_door":4,"minecraft:sweet_berries":5,"minecraft:furnace":7,"minecraft:cooked_cod":17,"minecraft:potato":3,"minecraft:diorite":34,"minecraft:stone_pickaxe":271,"minecraft:golden_apple":1,"minecraft:glow_berries":31,"travelersbackpack:blue_sleeping_bag":36,"minecraft:birch_fence":42,"minecraft:bread":33,"minecraft:cyan_bed":4,"minecraft:gravel":28,"nethersdelight:hoglin_sirloin":8,"minecraft:nether_wart_block":2,"regions_unexplored:hanging_earlight_fruit":5,"immersive_aircraft:gyrodyne":1,"minecraft:bone_meal":1,"minecraft:stone_sword":85,"regions_unexplored:magnolia_boat":1,"minecraft:flint_and_steel":11,"minecraft:stone_shovel":212,"minecraft:dried_kelp":77,"minecraft:cooked_salmon":2,"minecraft:torch":360,"minecraft:dirt":39,"minecraft:granite":1,"minecraft:iron_axe":758,"minecraft:barrel":30,"minecraft:golden_carrot":5,"minecraft:cooked_beef":8,"minecraft:cobbled_deepslate":62,"minecraft:wheat_seeds":14,"minecraft:cooked_mutton":17,"minecraft:birch_planks":86,"regions_unexplored:peat_dirt":25,"regions_unexplored:peat_coarse_dirt":1,"minecraft:crafting_table":19,"minecraft:smoker":2,"minecraft:diamond_pickaxe":114,"minecraft:apple":3,"minecraft:iron_pickaxe":2293,"minecraft:map":1,"minecraft:golden_leggings":4,"minecraft:stone_axe":140,"minecraft:fishing_rod":9,"minecraft:cobblestone":882,"travelersbackpack:standard":1,"minecraft:cooked_porkchop":12,"minecraft:bucket":2,"minecraft:pumpkin_pie":2},"minecraft:mined":{"regions_unexplored:blue_lupine":7,"regions_unexplored:maple_log":5,"regions_unexplored:magnolia_log":130,"minecraft:obsidian":2,"travelersbackpack:blue_sleeping_bag":29,"minecraft:cave_vines_plant":13,"minecraft:granite":24,"regions_unexplored:dropleaf":1,"minecraft:grass_block":57,"regions_unexplored:pine_shrub":2,"regions_unexplored:blackwood_door":2,"regions_unexplored:purple_coneflower":1,"minecraft:nether_wart":1,"regions_unexplored:blue_bioshroom_block":2,"minecraft:magma_block":2,"minecraft:raw_iron_block":2,"minecraft:glowstone":5,"diagonalfences:minecraft/birch_fence":4,"minecraft:iron_ore":167,"minecraft:cobbled_deepslate":15,"minecraft:fire":42,"regions_unexplored:purple_lupine":9,"minecraft:pumpkin":3,"minecraft:deepslate_lapis_ore":17,"regions_unexplored:pine_leaves":4,"minecraft:cave_vines":14,"minecraft:iron_bars":2,"minecraft:azalea":1,"regions_unexplored:peat_coarse_dirt":1,"minecraft:deepslate_redstone_ore":17,"minecraft:blackstone":2,"regions_unexplored:red_lupine":1,"minecraft:kelp_plant":1,"minecraft:smoker":1,"minecraft:crimson_nylium":2,"regions_unexplored:white_magnolia_leaves":1,"minecraft:clay":5,"minecraft:torch":24,"regions_unexplored:bladed_tall_grass":1,"regions_unexplored:peat_grass_block":13,"minecraft:nether_quartz_ore":20,"regions_unexplored:cobalt_roots":2,"minecraft:cobblestone":146,"minecraft:sugar_cane":10,"minecraft:oak_planks":1,"minecraft:wall_torch":15,"regions_unexplored:pine_log":12,"minecraft:nether_wart_block":6,"minecraft:birch_log":232,"minecraft:wheat":12,"minecraft:grass":34,"regions_unexplored:oak_shrub":1,"minecraft:oak_log":5,"regions_unexplored:peat_dirt":14,"minecraft:sand":142,"minecraft:dirt":57,"regions_unexplored:clover":193,"regions_unexplored:cobalt_nylium":1,"minecraft:netherrack":2,"minecraft:oak_leaves":4,"regions_unexplored:cobalt_obsidian":1,"minecraft:deepslate":76,"minecraft:nether_gold_ore":3,"minecraft:crying_obsidian":2,"minecraft:tuff":8,"minecraft:light_gray_stained_glass_pane":3,"minecraft:mossy_cobblestone":2,"minecraft:deepslate_diamond_ore":4,"regions_unexplored:pink_lupine":9,"minecraft:glow_lichen":1,"regions_unexplored:hanging_earlight":7,"travelersbackpack:brown_sleeping_bag":2,"regions_unexplored:maple_leaves":1,"regions_unexplored:magnolia_leaves":3,"minecraft:moss_block":4,"minecraft:sandstone":162,"regions_unexplored:cobalt_log":3,"minecraft:large_fern":1,"minecraft:redstone_ore":3,"minecraft:furnace":4,"minecraft:polished_basalt":1,"minecraft:andesite":34,"minecraft:gold_block":17,"minecraft:deepslate_iron_ore":147,"minecraft:shroomlight":1,"minecraft:stripped_oak_log":4,"regions_unexplored:ash_vent":2,"regions_unexplored:medium_grass":125,"minecraft:stone":971,"minecraft:flowering_azalea":2,"minecraft:basalt":1,"minecraft:crafting_table":17,"regions_unexplored:volcanic_ash":1,"regions_unexplored:pink_magnolia_leaves":5,"regions_unexplored:silt_dirt":5,"regions_unexplored:blackwood_log":26,"minecraft:tall_grass":6,"minecraft:copper_ore":8,"minecraft:deepslate_gold_ore":24,"minecraft:lapis_ore":16,"minecraft:sculk":38,"minecraft:diorite":54,"minecraft:birch_planks":8,"minecraft:black_wall_banner":1,"minecraft:birch_leaves":1,"regions_unexplored:sandy_grass":1,"minecraft:coal_ore":551,"minecraft:zombie_head":1,"minecraft:gravel":23,"minecraft:cobweb":13,"minecraft:cracked_stone_bricks":3,"regions_unexplored:blackwood_leaves":15,"regions_unexplored:blackstone_cluster":1,"minecraft:stone_bricks":1,"minecraft:gold_ore":4,"minecraft:mossy_stone_bricks":1},"minecraft:picked_up":{"minecraft:wheat":11,"regions_unexplored:magnolia_log":129,"regions_unexplored:silt_dirt":5,"minecraft:lead":3,"minecraft:string":30,"minecraft:raw_copper":44,"minecraft:smooth_stone_slab":1,"minecraft:pufferfish":1,"minecraft:zombie_head":1,"minecraft:shroomlight":1,"minecraft:gold_nugget":8,"minecraft:tnt_minecart":1,"regions_unexplored:pine_log":10,"minecraft:cobbled_deepslate":119,"minecraft:redstone_torch":1,"minecraft:azalea":4,"hangglider:hang_glider":1,"regions_unexplored:blackwood_log":25,"regions_unexplored:pine_shrub":4,"minecraft:furnace":4,"minecraft:stick":60,"minecraft:torch":49,"minecraft:porkchop":8,"minecraft:diorite":54,"regions_unexplored:pink_magnolia_sapling":20,"minecraft:stone_sword":1,"minecraft:rotten_flesh":75,"minecraft:polished_basalt":1,"farmersdelight:rope":15,"regions_unexplored:peat_coarse_dirt":1,"travelersbackpack:brown_sleeping_bag":2,"minecraft:blaze_rod":1,"minecraft:obsidian":2,"regions_unexplored:magnolia_sapling":37,"minecraft:cod":17,"minecraft:cobblestone":1115,"minecraft:birch_log":232,"minecraft:magma_block":2,"minecraft:feather":1,"farmersdelight:rice":2,"minecraft:andesite":34,"minecraft:brown_wool":4,"minecraft:smoker":1,"minecraft:flint":2,"minecraft:tuff":5,"regions_unexplored:blackwood_boat":4,"minecraft:lapis_lazuli":214,"minecraft:dirt":114,"minecraft:bone":28,"minecraft:bow":2,"minecraft:wheat_seeds":63,"minecraft:raw_gold":27,"minecraft:glowstone_dust":12,"minecraft:mossy_stone_bricks":1,"minecraft:powered_rail":4,"minecraft:moss_block":17,"naturalist:snail_shell":1,"minecraft:oak_planks":19,"regions_unexplored:pine_sapling":1,"minecraft:sand":142,"minecraft:ink_sac":5,"minecraft:cyan_bed":4,"naturalist:duck_egg":1,"regions_unexplored:pink_lupine":9,"minecraft:bundle":1,"regions_unexplored:hanging_earlight_fruit":5,"minecraft:diamond":4,"regions_unexplored:clover":426,"minecraft:granite":27,"minecraft:bone_meal":1,"regions_unexplored:cobalt_log":3,"minecraft:oak_sapling":1,"minecraft:netherrack":4,"minecraft:crimson_roots":1,"nethersdelight:hoglin_loin":8,"minecraft:crafting_table":17,"minecraft:nether_wart":2,"minecraft:clay_ball":13,"minecraft:gold_block":17,"regions_unexplored:blackstone_cluster":1,"regions_unexplored:blue_bioshroom":2,"minecraft:moss_carpet":7,"minecraft:iron_axe":1,"minecraft:birch_fence":4,"minecraft:iron_shovel":1,"minecraft:blackstone":3,"minecraft:cracked_stone_bricks":1,"minecraft:beef":18,"minecraft:sugar_cane":29,"minecraft:birch_sapling":53,"minecraft:egg":3,"minecraft:raw_iron":332,"minecraft:sandstone":162,"regions_unexplored:ash_vent":2,"regions_unexplored:volcanic_ash":1,"regions_unexplored:blue_lupine":7,"minecraft:redstone":94,"regions_unexplored:purple_coneflower":2,"minecraft:arrow":33,"regions_unexplored:redstone_bulb":1,"minecraft:black_banner":1,"regions_unexplored:purple_lupine":6,"minecraft:glow_berries":21,"minecraft:mutton":16,"minecraft:white_wool":24,"minecraft:rail":3,"minecraft:stripped_oak_log":4,"regions_unexplored:peat_dirt":32,"minecraft:basalt":2,"minecraft:glow_ink_sac":6,"minecraft:salmon":2,"minecraft:leather":17,"minecraft:birch_planks":7,"minecraft:oak_log":10,"regions_unexplored:red_lupine":1,"minecraft:nether_wart_block":5,"minecraft:gunpowder":2,"farmersdelight:skillet":1,"minecraft:cooked_mutton":1,"minecraft:stone_bricks":1,"minecraft:kelp":4,"minecraft:iron_ingot":37,"regions_unexplored:cobalt_obsidian":1,"minecraft:flowering_azalea":3,"regions_unexplored:white_magnolia_sapling":11,"minecraft:pumpkin":3,"minecraft:sweet_berries":128,"minecraft:quartz":20,"minecraft:raw_iron_block":3,"regions_unexplored:oak_shrub":1,"minecraft:gravel":61,"regions_unexplored:blackwood_door":3,"travelersbackpack:blue_sleeping_bag":36,"minecraft:crying_obsidian":2,"minecraft:spider_eye":5,"minecraft:slime_ball":3,"regions_unexplored:blackwood_sapling":1,"regions_unexplored:maple_log":3,"minecraft:coal":701,"minecraft:ender_pearl":1},"minecraft:custom":{"minecraft:animals_bred":2,"minecraft:interact_with_crafting_table":79,"minecraft:open_barrel":192,"minecraft:leave_game":10,"minecraft:time_since_death":226158,"minecraft:sprint_one_cm":1257589,"minecraft:damage_blocked_by_shield":2515,"minecraft:drop":105,"minecraft:talked_to_villager":14,"minecraft:play_time":841773,"minecraft:deaths":5,"minecraft:jump":11855,"minecraft:walk_on_water_one_cm":94418,"minecraft:interact_with_furnace":82,"minecraft:sleep_in_bed":45,"minecraft:damage_dealt":39193,"minecraft:crouch_one_cm":140026,"minecraft:interact_with_smoker":35,"minecraft:mob_kills":210,"minecraft:damage_dealt_resisted":118,"minecraft:climb_one_cm":29249,"minecraft:walk_one_cm":2244027,"minecraft:sneak_time":49229,"minecraft:walk_under_water_one_cm":117587,"minecraft:boat_one_cm":781715,"minecraft:interact_with_blast_furnace":3,"minecraft:total_world_time":841773,"minecraft:time_since_rest":7333,"minecraft:damage_taken":9302,"minecraft:swim_one_cm":269161,"minecraft:fly_one_cm":2322504,"minecraft:open_chest":124,"minecraft:fish_caught":8,"minecraft:fall_one_cm":243307},"minecraft:killed_by":{"creeperoverhaul:ocean_creeper":1,"man:managgresive":2},"minecraft:broken":{"minecraft:stone_pickaxe":2,"minecraft:stone_axe":1,"minecraft:stone_shovel":1,"minecraft:iron_axe":3,"minecraft:iron_pickaxe":7},"minecraft:dropped":{"minecraft:moss_block":17,"naturalist:snail_shell":1,"regions_unexplored:magnolia_log":10,"minecraft:cooked_beef":10,"minecraft:oak_log":5,"minecraft:glow_ink_sac":6,"regions_unexplored:pine_shrub":4,"farmersdelight:rice":2,"minecraft:flint":4,"minecraft:dirt":3,"minecraft:pumpkin_pie":1,"minecraft:iron_pickaxe":1,"minecraft:white_wool":5,"regions_unexplored:redstone_bulb":1,"minecraft:sugar_cane":11,"hangglider:hang_glider":2,"minecraft:cobbled_deepslate":40,"minecraft:birch_sapling":52,"minecraft:rotten_flesh":23,"minecraft:oak_planks":18,"minecraft:white_bed":1,"regions_unexplored:peat_dirt":7,"regions_unexplored:red_lupine":1,"minecraft:gunpowder":3,"minecraft:azalea":4,"farmersdelight:rope":15,"minecraft:basalt":1,"minecraft:iron_ingot":6,"regions_unexplored:blackwood_log":15,"farmersdelight:skillet":1,"minecraft:feather":1,"minecraft:cobblestone":202,"minecraft:apple":3,"minecraft:granite":15,"minecraft:golden_carrot":2,"minecraft:diorite":1,"minecraft:ink_sac":2,"regions_unexplored:blackwood_planks":1,"minecraft:flowering_azalea":3,"minecraft:raw_iron_block":1,"regions_unexplored:volcanic_ash":1,"minecraft:paper":10,"minecraft:string":2,"minecraft:moss_carpet":7,"minecraft:kelp":4,"regions_unexplored:pine_planks":12,"minecraft:smooth_stone_slab":1,"minecraft:tuff":3,"regions_unexplored:clover":42,"minecraft:clay_ball":13,"regions_unexplored:pink_lupine":4,"minecraft:andesite":10,"minecraft:golden_leggings":1,"minecraft:spider_eye":2,"minecraft:bow":1},"minecraft:crafted":{"minecraft:oak_planks":20,"minecraft:barrel":30,"hangglider:hang_glider":2,"regions_unexplored:maple_planks":12,"minecraft:cooked_mutton":16,"nethersdelight:hoglin_sirloin":8,"minecraft:glass":12,"minecraft:iron_boots":2,"immersive_aircraft:hull":2,"minecraft:chest":2,"minecraft:smoker":1,"minecraft:cooked_porkchop":8,"minecraft:crafting_table":3,"minecraft:iron_helmet":2,"travelersbackpack:standard":1,"minecraft:birch_planks":164,"travelersbackpack:blue_sleeping_bag":1,"immersive_aircraft:propeller":1,"minecraft:iron_chestplate":1,"minecraft:diamond_pickaxe":1,"minecraft:shield":1,"minecraft:birch_fence":42,"minecraft:stick":96,"minecraft:iron_ingot":293,"minecraft:iron_pickaxe":8,"minecraft:stone_sword":1,"regions_unexplored:blackwood_door":3,"minecraft:gold_ingot":9,"regions_unexplored:magnolia_boat":1,"minecraft:shears":2,"hangglider:glider_framework":2,"regions_unexplored:blackwood_planks":40,"minecraft:raw_iron":18,"minecraft:stone_shovel":2,"immersive_aircraft:sail":2,"minecraft:furnace":4,"regions_unexplored:magnolia_slab":60,"hangglider:glider_wing":4,"minecraft:white_carpet":12,"minecraft:iron_axe":3,"minecraft:stone_pickaxe":2,"regions_unexplored:magnolia_planks":260,"minecraft:cooked_beef":18,"minecraft:sugar":3,"minecraft:cooked_cod":17,"travelersbackpack:backpack_tank":2,"minecraft:dried_kelp":77,"travelersbackpack:brown_sleeping_bag":1,"minecraft:iron_sword":1,"minecraft:cooked_salmon":2,"regions_unexplored:blackwood_boat":2,"minecraft:bucket":2,"minecraft:stone_axe":2,"minecraft:bread":12,"minecraft:air":0,"minecraft:blue_dye":2,"regions_unexplored:pine_planks":40,"immersive_aircraft:gyrodyne":1,"minecraft:blue_wool":2,"minecraft:white_bed":1,"minecraft:pumpkin_pie":3,"minecraft:torch":296},"minecraft:killed":{"minecraft:cave_spider":4,"minecraft:spider":13,"minecraft:cod":9,"naturalist:snail":5,"minecraft:skeleton":24,"minecraft:pig":5,"naturalist:snake":2,"minecraft:creeper":3,"minecraft:sheep":10,"minecraft:trader_llama":3,"minecraft:zombie":84,"minecraft:blaze":2,"minecraft:cow":9,"naturalist:coral_snake":1,"minecraft:horse":7,"minecraft:drowned":11,"naturalist:bear":1,"minecraft:wandering_trader":2,"minecraft:hoglin":6,"minecraft:wither_skeleton":4,"minecraft:enderman":1}},"DataVersion":3465}