{"stats":{"minecraft:custom":{"minecraft:interact_with_furnace":11,"minecraft:mob_kills":12,"minecraft:interact_with_crafting_table":38,"minecraft:leave_game":3,"minecraft:time_since_death":106287,"minecraft:time_since_rest":106287,"minecraft:sprint_one_cm":160320,"minecraft:damage_taken":510,"minecraft:walk_one_cm":342457,"minecraft:drop":5,"minecraft:damage_dealt":1541,"minecraft:swim_one_cm":18718,"minecraft:fly_one_cm":33361,"minecraft:open_chest":23,"minecraft:crouch_one_cm":2310,"minecraft:play_time":106287,"minecraft:sneak_time":1015,"minecraft:walk_under_water_one_cm":20769,"minecraft:jump":683,"minecraft:walk_on_water_one_cm":34676,"minecraft:total_world_time":106287,"minecraft:fall_one_cm":9666},"minecraft:used":{"regions_unexplored:pine_planks":338,"minecraft:cooked_mutton":4,"minecraft:wheat_seeds":104,"minecraft:stone_sword":10,"minecraft:stone_pickaxe":131,"minecraft:dried_kelp":1,"regions_unexplored:peat_dirt":74,"minecraft:chest":43,"minecraft:wooden_pickaxe":236,"minecraft:wooden_shovel":12,"regions_unexplored:pine_door":2,"minecraft:torch":12,"regions_unexplored:peat_podzol":1,"minecraft:dirt":1,"minecraft:crafting_table":3,"regions_unexplored:pine_stairs":81,"minecraft:wooden_axe":142,"minecraft:wooden_hoe":110,"minecraft:apple":3,"minecraft:bread":5,"minecraft:stone_axe":110,"minecraft:fishing_rod":3,"minecraft:wooden_sword":49,"minecraft:cobblestone":209,"minecraft:furnace":10,"regions_unexplored:pine_fence":37,"minecraft:potato":4},"minecraft:dropped":{"minecraft:bread":1,"minecraft:wheat_seeds":1,"regions_unexplored:pine_stairs":3},"minecraft:killed":{"minecraft:pig":3,"minecraft:spider":1,"minecraft:sheep":3,"minecraft:zombie":5},"minecraft:broken":{"minecraft:stone_pickaxe":1,"minecraft:wooden_axe":2,"minecraft:wooden_hoe":1,"minecraft:wooden_pickaxe":4},"minecraft:mined":{"diagonalfences:regions_unexplored/pine_fence":1,"minecraft:kelp_plant":29,"minecraft:crafting_table":1,"regions_unexplored:peat_grass_block":44,"regions_unexplored:pine_shrub":4,"minecraft:chest":17,"minecraft:tall_grass":11,"minecraft:lapis_ore":5,"regions_unexplored:pine_planks":22,"minecraft:kelp":6,"minecraft:diorite":12,"regions_unexplored:pine_log":208,"minecraft:large_fern":17,"minecraft:tall_seagrass":5,"minecraft:furnace":5,"minecraft:wheat":38,"minecraft:andesite":1,"regions_unexplored:pine_leaves":12,"minecraft:grass":66,"minecraft:potatoes":1,"minecraft:coal_ore":10,"regions_unexplored:peat_dirt":49,"minecraft:gravel":6,"minecraft:dirt":2,"regions_unexplored:medium_grass":111,"regions_unexplored:pine_stairs":4,"minecraft:stone":279,"regions_unexplored:peat_podzol":4,"minecraft:fern":69},"minecraft:crafted":{"minecraft:wooden_sword":2,"minecraft:wooden_shovel":1,"minecraft:fishing_rod":1,"minecraft:crafting_table":3,"minecraft:dried_kelp":1,"minecraft:wooden_pickaxe":4,"minecraft:furnace":7,"regions_unexplored:pine_fence":36,"minecraft:stone_axe":1,"minecraft:bread":11,"minecraft:cooked_mutton":4,"regions_unexplored:pine_stairs":92,"regions_unexplored:pine_planks":808,"minecraft:wooden_hoe":2,"minecraft:stick":48,"minecraft:stone_pickaxe":1,"minecraft:wooden_axe":2,"minecraft:stone_sword":1,"minecraft:chest":26,"regions_unexplored:pine_door":3,"minecraft:torch":12},"minecraft:picked_up":{"minecraft:wheat":38,"regions_unexplored:peat_dirt":91,"minecraft:crafting_table":1,"minecraft:andesite":1,"minecraft:potato":4,"regions_unexplored:pine_fence":1,"minecraft:lapis_lazuli":40,"minecraft:dirt":2,"minecraft:string":2,"minecraft:apple":3,"minecraft:kelp":266,"minecraft:wheat_seeds":142,"regions_unexplored:pine_log":202,"regions_unexplored:peat_podzol":3,"minecraft:chest":17,"regions_unexplored:pine_stairs":7,"regions_unexplored:pine_shrub":3,"minecraft:furnace":5,"minecraft:stick":12,"regions_unexplored:pine_sapling":7,"regions_unexplored:pine_planks":22,"minecraft:gravel":5,"minecraft:porkchop":7,"minecraft:diorite":10,"minecraft:rotten_flesh":5,"minecraft:gray_wool":1,"minecraft:mutton":5,"minecraft:coal":10,"minecraft:white_wool":2,"minecraft:cobblestone":276}},"DataVersion":3465}