{"stats":{"minecraft:picked_up":{"minecraft:crafting_table":1,"minecraft:basalt":15,"minecraft:cooked_beef":10,"minecraft:glow_ink_sac":2,"regions_unexplored:magnolia_log":3,"minecraft:tuff":6,"minecraft:string":17,"minecraft:dirt":2,"minecraft:moss_carpet":1,"minecraft:cracked_stone_bricks":2,"minecraft:detector_rail":2,"minecraft:wheat_seeds":2,"regions_unexplored:pine_log":3,"minecraft:cobbled_deepslate":20,"minecraft:raw_gold":11,"minecraft:beef":3,"minecraft:iron_ingot":6,"regions_unexplored:blackwood_log":2,"minecraft:egg":1,"minecraft:raw_iron":27,"regions_unexplored:ash_vent":2,"minecraft:pumpkin":4,"minecraft:torch":1,"regions_unexplored:volcanic_ash":6,"regions_unexplored:blue_lupine":3,"farmersdelight:tomato_seeds":1,"travelersbackpack:blue_sleeping_bag":2,"minecraft:redstone":10,"minecraft:spider_eye":1,"regions_unexplored:pink_lupine":1,"minecraft:mossy_cobblestone":8,"regions_unexplored:purple_coneflower":2,"minecraft:stone_sword":1,"minecraft:rotten_flesh":12,"minecraft:diamond":1,"regions_unexplored:clover":17,"farmersdelight:rope":19,"minecraft:coal":20,"regions_unexplored:magnolia_boat":1,"regions_unexplored:purple_lupine":3,"minecraft:iron_bars":2,"minecraft:mutton":1,"minecraft:rail":6,"minecraft:white_wool":6,"minecraft:cobblestone":45},"minecraft:custom":{"minecraft:interact_with_furnace":2,"minecraft:mob_kills":16,"minecraft:interact_with_crafting_table":11,"minecraft:open_barrel":16,"minecraft:leave_game":1,"minecraft:time_since_death":41332,"minecraft:sleep_in_bed":5,"minecraft:climb_one_cm":5583,"minecraft:time_since_rest":2692,"minecraft:sprint_one_cm":155533,"minecraft:damage_taken":1624,"minecraft:walk_one_cm":203801,"minecraft:drop":13,"minecraft:damage_dealt":3344,"minecraft:swim_one_cm":32623,"minecraft:fly_one_cm":143604,"minecraft:open_chest":20,"minecraft:crouch_one_cm":5140,"minecraft:play_time":69393,"minecraft:deaths":1,"minecraft:sneak_time":2103,"minecraft:walk_under_water_one_cm":28939,"minecraft:boat_one_cm":23723,"minecraft:jump":1163,"minecraft:walk_on_water_one_cm":27329,"minecraft:total_world_time":69393,"minecraft:fall_one_cm":29457},"minecraft:dropped":{"farmersdelight:tomato_seeds":1,"regions_unexplored:pine_planks":1,"minecraft:wheat_seeds":2,"minecraft:detector_rail":2,"minecraft:glow_ink_sac":2,"minecraft:stone_sword":1,"minecraft:cobbled_deepslate":6,"minecraft:cobblestone":1,"minecraft:rotten_flesh":6,"regions_unexplored:clover":1,"minecraft:rail":6,"regions_unexplored:blackwood_planks":1,"minecraft:string":2},"minecraft:crafted":{"regions_unexplored:blackwood_planks":8,"minecraft:crafting_table":2,"minecraft:wooden_pickaxe":1,"minecraft:iron_sword":1,"travelersbackpack:blue_sleeping_bag":1,"minecraft:birch_planks":124,"minecraft:stone_axe":1,"minecraft:blue_dye":3,"regions_unexplored:pine_planks":12,"minecraft:stick":12,"minecraft:iron_pickaxe":1,"minecraft:stone_sword":1,"minecraft:blue_wool":2,"minecraft:iron_shovel":1,"minecraft:white_bed":1,"regions_unexplored:magnolia_boat":1,"regions_unexplored:magnolia_planks":12},"minecraft:used":{"regions_unexplored:pink_lupine":1,"minecraft:moss_carpet":1,"regions_unexplored:magnolia_boat":2,"minecraft:stone_sword":17,"minecraft:iron_shovel":9,"minecraft:birch_planks":57,"minecraft:wooden_pickaxe":15,"minecraft:iron_sword":45,"minecraft:torch":19,"minecraft:mossy_cobblestone":3,"travelersbackpack:blue_sleeping_bag":2,"minecraft:dirt":2,"minecraft:mutton":1,"minecraft:crafting_table":3,"regions_unexplored:clover":13,"minecraft:white_bed":1,"regions_unexplored:purple_lupine":3,"minecraft:bread":7,"regions_unexplored:purple_coneflower":2,"minecraft:iron_pickaxe":151,"minecraft:stone_axe":36,"minecraft:basalt":6,"minecraft:beef":3,"minecraft:cobbled_deepslate":3,"minecraft:egg":1,"minecraft:cooked_beef":10,"regions_unexplored:volcanic_ash":1,"minecraft:pumpkin":4},"minecraft:killed":{"minecraft:cave_spider":3,"minecraft:spider":2,"minecraft:sheep":1,"minecraft:zombie":7,"minecraft:drowned":1,"minecraft:enderman":1,"minecraft:cow":1},"minecraft:mined":{"minecraft:deepslate_redstone_ore":2,"minecraft:tuff":3,"regions_unexplored:blue_lupine":4,"minecraft:deepslate_diamond_ore":1,"minecraft:basalt":11,"regions_unexplored:magnolia_log":4,"travelersbackpack:blue_sleeping_bag":2,"minecraft:crafting_table":1,"minecraft:torch":1,"minecraft:grass_block":2,"regions_unexplored:volcanic_ash":1,"regions_unexplored:blackwood_log":2,"minecraft:cobblestone":12,"minecraft:deepslate_gold_ore":10,"regions_unexplored:purple_coneflower":1,"farmersdelight:wild_tomatoes":1,"minecraft:spawner":1,"regions_unexplored:pine_log":3,"minecraft:iron_ore":15,"regions_unexplored:mossy_stone":8,"minecraft:pumpkin":4,"minecraft:deepslate_iron_ore":13,"minecraft:grass":3,"minecraft:coal_ore":20,"minecraft:cobweb":14,"regions_unexplored:clover":9,"regions_unexplored:ash_vent":3,"regions_unexplored:medium_grass":3,"minecraft:gold_ore":1,"minecraft:stone":36,"regions_unexplored:redstone_bulb":1,"minecraft:deepslate":26}},"DataVersion":3465}