{"stats":{"minecraft:used":{"regions_unexplored:pine_planks":1,"minecraft:iron_shovel":1,"minecraft:dried_kelp":11,"minecraft:ladder":14,"farmersdelight:cabbage_seeds":4,"minecraft:chest":2,"minecraft:spruce_planks":80,"minecraft:shield":12,"minecraft:iron_sword":166,"travelersbackpack:bat":3,"minecraft:torch":44,"minecraft:mutton":1,"minecraft:dirt":27,"regions_unexplored:blackwood_boat":1,"minecraft:cobblestone_wall":47,"minecraft:spruce_stairs":4,"minecraft:cyan_terracotta":150,"farmersdelight:tomato":5,"minecraft:iron_axe":175,"minecraft:polished_andesite_stairs":51,"minecraft:barrel":46,"minecraft:sweet_berries":245,"minecraft:furnace":4,"minecraft:beetroot_seeds":2,"farmersdelight:tomato_seeds":10,"minecraft:golden_axe":33,"minecraft:wheat_seeds":48,"minecraft:cooked_mutton":1,"minecraft:water_bucket":25,"minecraft:spruce_door":12,"minecraft:polished_andesite":145,"minecraft:sugar_cane":6,"minecraft:crafting_table":6,"minecraft:white_bed":6,"minecraft:wooden_hoe":39,"minecraft:apple":4,"minecraft:bread":10,"regions_unexplored:pine_boat":1,"minecraft:iron_pickaxe":1266,"minecraft:cobblestone":123,"minecraft:bucket":25,"minecraft:smooth_stone":102},"minecraft:mined":{"minecraft:spruce_planks":4,"minecraft:mossy_cobblestone":7,"minecraft:cobblestone_stairs":2,"minecraft:carved_pumpkin":1,"minecraft:glow_lichen":1,"minecraft:grass_block":79,"minecraft:crimson_roots":2,"regions_unexplored:blackwood_door":1,"farmersdelight:budding_tomatoes":2,"farmersdelight:tomatoes":8,"minecraft:spruce_leaves":17,"minecraft:large_fern":1,"minecraft:smooth_stone":163,"minecraft:tall_seagrass":1,"minecraft:mossy_cobblestone_stairs":8,"minecraft:iron_ore":2,"minecraft:fire":1,"minecraft:barrel":6,"minecraft:andesite":41,"regions_unexplored:pine_leaves":1,"minecraft:shroomlight":8,"minecraft:cobblestone_slab":2,"minecraft:green_candle":1,"regions_unexplored:medium_grass":5,"minecraft:stone":344,"minecraft:cyan_terracotta":296,"minecraft:spruce_door":5,"minecraft:crafting_table":1,"minecraft:torch":5,"regions_unexplored:peat_grass_block":1,"minecraft:polished_andesite_stairs":52,"minecraft:chest":1,"farmersdelight:cabbages":4,"minecraft:tall_grass":2,"minecraft:copper_ore":5,"minecraft:cobblestone":13,"minecraft:white_candle":1,"minecraft:sugar_cane":3,"minecraft:oak_planks":3,"minecraft:diorite":1,"minecraft:wall_torch":2,"regions_unexplored:pine_log":8,"minecraft:skeleton_skull":3,"minecraft:birch_planks":4,"minecraft:light_gray_candle":1,"minecraft:nether_wart_block":7,"minecraft:wheat":47,"minecraft:sweet_berry_bush":13,"minecraft:spruce_log":180,"minecraft:smooth_stone_slab":78,"minecraft:grass":9,"minecraft:coal_ore":20,"minecraft:beetroots":2,"regions_unexplored:peat_dirt":1,"minecraft:zombie_head":5,"minecraft:gravel":12,"minecraft:dripstone_block":1,"minecraft:dirt":19,"regions_unexplored:clover":6,"minecraft:brown_candle":2,"minecraft:polished_andesite":186,"minecraft:fern":6},"minecraft:picked_up":{"minecraft:crafting_table":3,"minecraft:wheat":35,"travelersbackpack:bat":1,"minecraft:ladder":1,"minecraft:string":4,"minecraft:raw_copper":16,"minecraft:iron_axe":1,"minecraft:smooth_stone_slab":69,"minecraft:zombie_head":6,"minecraft:shroomlight":8,"minecraft:beetroot":2,"regions_unexplored:pine_log":8,"minecraft:smooth_stone":160,"minecraft:bucket":1,"minecraft:spruce_planks":20,"minecraft:cobblestone_slab":1,"minecraft:iron_pickaxe":3,"minecraft:light_gray_wool":1,"hangglider:hang_glider":1,"minecraft:sugar_cane":6,"minecraft:chest":1,"farmersdelight:cabbage_seeds":8,"minecraft:raw_iron":2,"minecraft:stick":9,"minecraft:torch":8,"minecraft:porkchop":1,"farmersdelight:tomato_seeds":20,"minecraft:diorite":1,"minecraft:arrow":2,"minecraft:rotten_flesh":30,"minecraft:beetroot_seeds":4,"minecraft:pumpkin_pie":1,"farmersdelight:onion":3,"minecraft:carved_pumpkin":1,"minecraft:cyan_terracotta":285,"minecraft:mutton":2,"minecraft:skeleton_skull":3,"minecraft:white_wool":1,"minecraft:cobblestone":443,"regions_unexplored:peat_dirt":1,"minecraft:feather":1,"minecraft:andesite":39,"minecraft:golden_leggings":1,"minecraft:birch_planks":5,"minecraft:flint":1,"minecraft:nether_wart_block":7,"minecraft:cobblestone_stairs":3,"minecraft:dirt":93,"regions_unexplored:blackwood_boat":1,"minecraft:wooden_hoe":1,"farmersdelight:tomato":5,"minecraft:brown_candle":10,"minecraft:wheat_seeds":126,"minecraft:green_candle":2,"minecraft:iron_ingot":4,"regions_unexplored:pine_boat":1,"minecraft:oak_planks":4,"minecraft:polished_andesite_stairs":51,"minecraft:sweet_berries":479,"minecraft:dripstone_block":1,"regions_unexplored:pine_planks":1,"minecraft:gravel":11,"regions_unexplored:blackwood_door":1,"minecraft:spruce_sapling":16,"minecraft:white_bed":6,"minecraft:spruce_log":175,"minecraft:mossy_cobblestone":7,"minecraft:barrel":6,"minecraft:spruce_door":6,"minecraft:spider_eye":2,"minecraft:polished_andesite":183,"minecraft:light_gray_candle":4,"regions_unexplored:clover":16,"minecraft:mossy_cobblestone_stairs":7,"minecraft:netherrack":6,"minecraft:coal":20,"minecraft:crimson_roots":2},"minecraft:custom":{"minecraft:mob_kills":25,"minecraft:interact_with_crafting_table":38,"minecraft:open_barrel":44,"minecraft:leave_game":5,"minecraft:time_since_death":62823,"minecraft:climb_one_cm":23337,"minecraft:sprint_one_cm":437661,"minecraft:walk_one_cm":1080489,"minecraft:damage_blocked_by_shield":285,"minecraft:drop":19,"minecraft:talked_to_villager":1,"minecraft:play_time":309520,"minecraft:sneak_time":2116,"minecraft:deaths":3,"minecraft:walk_under_water_one_cm":12918,"minecraft:boat_one_cm":229315,"minecraft:jump":1820,"minecraft:interact_with_blast_furnace":1,"minecraft:walk_on_water_one_cm":104150,"minecraft:total_world_time":309520,"minecraft:interact_with_furnace":20,"minecraft:sleep_in_bed":18,"minecraft:time_since_rest":5539,"minecraft:damage_taken":2912,"minecraft:damage_dealt":4003,"minecraft:swim_one_cm":30085,"minecraft:fly_one_cm":111354,"minecraft:open_chest":64,"minecraft:crouch_one_cm":4004,"minecraft:interact_with_smoker":1,"minecraft:fall_one_cm":24570},"minecraft:killed_by":{"man:managgresive":2},"minecraft:broken":{"minecraft:iron_shovel":1,"minecraft:iron_boots":1,"minecraft:iron_chestplate":1,"minecraft:iron_leggings":1,"minecraft:golden_axe":1,"minecraft:iron_pickaxe":6,"minecraft:iron_helmet":1},"minecraft:dropped":{"minecraft:wheat_seeds":1,"minecraft:cobblestone":24,"minecraft:cobblestone_stairs":1,"minecraft:cyan_terracotta":1,"minecraft:diorite":1,"minecraft:wooden_hoe":1,"minecraft:iron_axe":1,"minecraft:bucket":1,"minecraft:gravel":11,"minecraft:sweet_berries":129,"regions_unexplored:pine_planks":1,"minecraft:wheat":1,"minecraft:rotten_flesh":28,"minecraft:light_gray_candle":2,"minecraft:brown_candle":5},"minecraft:crafted":{"minecraft:barrel":41,"minecraft:furnace":4,"minecraft:cooked_mutton":1,"minecraft:spruce_pressure_plate":2,"minecraft:spruce_stairs":4,"minecraft:iron_boots":1,"minecraft:iron_axe":3,"minecraft:ladder":18,"minecraft:spruce_slab":102,"minecraft:cobblestone_wall":48,"minecraft:chest":2,"minecraft:crafting_table":4,"minecraft:spruce_planks":504,"minecraft:dried_kelp":11,"minecraft:iron_helmet":2,"minecraft:iron_sword":2,"minecraft:spruce_door":9,"minecraft:bucket":3,"immersive_aircraft:propeller":1,"minecraft:bread":10,"regions_unexplored:pine_planks":32,"minecraft:iron_chestplate":1,"minecraft:wooden_hoe":1,"minecraft:charcoal":49,"minecraft:shield":3,"minecraft:stick":72,"minecraft:iron_pickaxe":4,"minecraft:iron_leggings":1,"minecraft:torch":52},"minecraft:killed":{"minecraft:spider":4,"naturalist:robin":1,"creeperoverhaul:bamboo_creeper":1,"minecraft:skeleton":1,"minecraft:drowned":1,"minecraft:pig":2,"minecraft:sheep":2,"minecraft:zombie":12}},"DataVersion":3465}