{"stats":{"minecraft:crafted":{"minecraft:oak_planks":64,"hangglider:hang_glider":1,"minecraft:cooked_mutton":2,"minecraft:hopper":2,"minecraft:iron_boots":1,"immersive_aircraft:hull":4,"minecraft:chest":6,"regions_unexplored:blackwood_slab":6,"minecraft:magenta_dye":2,"minecraft:golden_boots":2,"minecraft:oak_slab":48,"minecraft:cooked_porkchop":9,"minecraft:crafting_table":6,"minecraft:wooden_pickaxe":2,"minecraft:iron_helmet":1,"regions_unexplored:pine_boat":1,"minecraft:gold_block":1,"immersive_aircraft:propeller":2,"minecraft:dark_oak_slab":12,"minecraft:iron_chestplate":2,"minecraft:diamond_pickaxe":1,"minecraft:charcoal":2,"minecraft:shield":1,"minecraft:stick":96,"minecraft:iron_ingot":158,"minecraft:iron_pickaxe":10,"minecraft:stone_sword":1,"regions_unexplored:blackwood_door":6,"minecraft:gold_ingot":31,"minecraft:composter":1,"travelersbackpack:magenta_sleeping_bag":1,"minecraft:shears":1,"hangglider:glider_framework":1,"regions_unexplored:blackwood_planks":24,"minecraft:magenta_wool":2,"minecraft:stone_shovel":1,"immersive_aircraft:sail":4,"minecraft:furnace":6,"hangglider:glider_wing":2,"minecraft:white_carpet":24,"minecraft:flint_and_steel":1,"minecraft:iron_axe":7,"handcrafted:white_sheet":8,"minecraft:stone_pickaxe":2,"minecraft:dark_oak_planks":24,"regions_unexplored:blackwood_boat":1,"minecraft:bucket":1,"minecraft:glowstone":1,"minecraft:bread":59,"minecraft:air":0,"regions_unexplored:green_bioshroom_planks":4,"regions_unexplored:pine_planks":128,"immersive_aircraft:gyrodyne":2,"minecraft:golden_apple":1,"minecraft:iron_leggings":2,"minecraft:torch":192},"minecraft:picked_up":{"minecraft:wheat":177,"regions_unexplored:magnolia_log":12,"minecraft:lead":1,"regions_unexplored:silt_dirt":32,"minecraft:brown_bed":7,"minecraft:gilded_blackstone":3,"minecraft:string":22,"minecraft:raw_copper":72,"minecraft:zombie_head":1,"minecraft:shroomlight":14,"regions_unexplored:pine_log":35,"minecraft:tnt_minecart":3,"minecraft:gold_nugget":266,"minecraft:cobbled_deepslate":80,"minecraft:bucket":1,"minecraft:spruce_planks":1,"minecraft:iron_pickaxe":4,"hangglider:hang_glider":1,"regions_unexplored:blackwood_log":6,"regions_unexplored:pine_shrub":5,"minecraft:iron_boots":1,"minecraft:furnace":2,"minecraft:stick":15,"minecraft:oak_fence":1,"minecraft:torch":66,"minecraft:green_bed":1,"minecraft:porkchop":2,"minecraft:diorite":67,"regions_unexplored:daisy":6,"minecraft:orange_bed":4,"minecraft:stone_sword":2,"minecraft:rotten_flesh":52,"regions_unexplored:tsubaki":4,"minecraft:cyan_terracotta":2,"minecraft:glowstone":1,"farmersdelight:rope":9,"regions_unexplored:peat_coarse_dirt":3,"minecraft:obsidian":4,"minecraft:cobblestone":778,"minecraft:birch_log":2,"minecraft:magma_block":23,"travelersbackpack:iron_golem":1,"minecraft:oxidized_copper":1,"minecraft:iron_door":1,"minecraft:andesite":27,"minecraft:brown_wool":1,"minecraft:smoker":2,"minecraft:potato":26,"minecraft:flint":3,"minecraft:tuff":22,"regions_unexplored:peat_grass_block":1,"minecraft:lapis_lazuli":135,"minecraft:dirt":276,"regions_unexplored:cobalt_roots":1,"minecraft:bone":16,"minecraft:bow":2,"minecraft:wheat_seeds":419,"minecraft:raw_gold":84,"regions_unexplored:pink_bioshroom":2,"minecraft:rabbit":1,"regions_unexplored:blackwood_shrub":1,"minecraft:glowstone_dust":20,"regions_unexplored:pine_boat":6,"minecraft:oak_planks":20,"regions_unexplored:tall_blue_bioshroom":1,"regions_unexplored:pine_sapling":1,"regions_unexplored:pine_planks":48,"travelersbackpack:magenta_sleeping_bag":23,"minecraft:sand":17,"minecraft:ink_sac":2,"minecraft:cyan_bed":3,"minecraft:dark_oak_log":10,"naturalist:duck_egg":2,"minecraft:mossy_cobblestone":10,"regions_unexplored:hyssop":27,"minecraft:diamond":3,"minecraft:soul_lantern":2,"minecraft:cracked_polished_blackstone_bricks":9,"regions_unexplored:clover":1,"minecraft:granite":32,"minecraft:golden_apple":3,"minecraft:emerald":45,"minecraft:bread":3,"minecraft:oak_sapling":8,"minecraft:netherrack":303,"minecraft:crimson_roots":7,"minecraft:coarse_dirt":2,"minecraft:crafting_table":11,"regions_unexplored:mycotoxic_grass":21,"minecraft:clay_ball":24,"minecraft:gold_block":4,"minecraft:crimson_trapdoor":1,"minecraft:chain":8,"minecraft:moss_carpet":5,"minecraft:iron_axe":1,"minecraft:item_frame":1,"minecraft:blackstone":65,"regions_unexplored:medium_grass":1,"minecraft:cracked_stone_bricks":1,"minecraft:beef":13,"minecraft:spruce_slab":1,"minecraft:sugar_cane":10,"minecraft:chest":6,"minecraft:egg":2,"regions_unexplored:duckweed":1,"minecraft:raw_iron":316,"regions_unexplored:day_lily":3,"regions_unexplored:ash_vent":2,"regions_unexplored:silver_birch_leaf_pile":11,"minecraft:polished_blackstone_bricks":22,"minecraft:redstone":71,"regions_unexplored:green_bioshroom_stem":2,"minecraft:carrot":10,"minecraft:prismarine_crystals":3,"regions_unexplored:silt_grass_block":1,"minecraft:purple_candle":1,"minecraft:arrow":16,"regions_unexplored:redstone_bulb":2,"minecraft:peony":4,"minecraft:nether_bricks":19,"regions_unexplored:purple_lupine":1,"minecraft:mutton":8,"minecraft:rail":5,"minecraft:white_wool":23,"minecraft:oxeye_daisy":1,"regions_unexplored:peat_dirt":74,"minecraft:golden_carrot":2,"minecraft:glow_ink_sac":6,"minecraft:leather":10,"regions_unexplored:meadow_sage":1,"minecraft:crimson_fungus":1,"minecraft:oak_log":16,"minecraft:golden_boots":2,"minecraft:nether_wart_block":7,"immersive_aircraft:gyrodyne":7,"minecraft:apple":1,"minecraft:stone_bricks":1,"minecraft:kelp":2,"minecraft:iron_sword":3,"minecraft:flowering_azalea":1,"regions_unexplored:silver_birch_sapling":1,"minecraft:oak_slab":49,"minecraft:sweet_berries":32,"minecraft:quartz":16,"minecraft:gravel":44,"minecraft:soul_torch":2,"minecraft:blast_furnace":6,"minecraft:spider_eye":2,"minecraft:purple_bed":2,"minecraft:slime_ball":2,"regions_unexplored:fireweed":17,"minecraft:light_gray_candle":4,"minecraft:stone_axe":1,"regions_unexplored:blackwood_sapling":2,"regions_unexplored:silver_birch_log":15,"minecraft:black_wool":3,"minecraft:coal":205,"minecraft:ender_pearl":1},"minecraft:killed":{"minecraft:witch":1,"minecraft:spider":8,"naturalist:snail":1,"minecraft:skeleton":15,"minecraft:silverfish":2,"minecraft:piglin":2,"minecraft:pig":1,"minecraft:zombie_villager":1,"minecraft:sheep":5,"minecraft:zombie":36,"minecraft:cow":7,"minecraft:rabbit":1,"minecraft:hoglin":1,"minecraft:wither_skeleton":2,"minecraft:enderman":2},"minecraft:mined":{"regions_unexplored:golden_larch_leaves":1,"minecraft:spruce_planks":1,"regions_unexplored:blue_lupine":2,"regions_unexplored:magnolia_log":2,"minecraft:obsidian":4,"regions_unexplored:cattail":3,"minecraft:granite":33,"travelersbackpack:iron_golem":1,"minecraft:crimson_trapdoor":1,"minecraft:grass_block":62,"regions_unexplored:pine_shrub":5,"minecraft:cracked_polished_blackstone_bricks":10,"minecraft:crimson_fungus":1,"minecraft:oxeye_daisy":2,"minecraft:gilded_blackstone":3,"minecraft:polished_blackstone_bricks":22,"minecraft:magma_block":26,"minecraft:sculk_catalyst":1,"minecraft:glowstone":4,"minecraft:red_nether_brick_stairs":1,"minecraft:iron_ore":244,"minecraft:cobbled_deepslate":4,"minecraft:fire":23,"regions_unexplored:mossy_stone":10,"regions_unexplored:purple_lupine":1,"minecraft:moss_carpet":1,"minecraft:deepslate_lapis_ore":12,"regions_unexplored:silver_birch_leaves":4,"minecraft:brown_bed":4,"regions_unexplored:pine_leaves":7,"minecraft:cave_vines":2,"regions_unexplored:silt_grass_block":3,"minecraft:spruce_slab":1,"regions_unexplored:peat_coarse_dirt":3,"minecraft:green_bed":1,"minecraft:orange_bed":3,"minecraft:deepslate_redstone_ore":15,"minecraft:soul_wall_torch":2,"minecraft:cyan_terracotta":2,"minecraft:blackstone":49,"minecraft:smoker":2,"minecraft:crimson_nylium":27,"regions_unexplored:duckweed":1,"minecraft:soul_lantern":2,"minecraft:powder_snow":11,"minecraft:clay":7,"minecraft:torch":36,"minecraft:blast_furnace":6,"regions_unexplored:peat_grass_block":34,"minecraft:oxidized_copper":4,"minecraft:chest":6,"minecraft:white_stained_glass_pane":1,"regions_unexplored:cobalt_roots":1,"minecraft:nether_quartz_ore":19,"minecraft:cobblestone":47,"regions_unexplored:meadow_sage":1,"minecraft:cyan_bed":2,"minecraft:oak_planks":11,"minecraft:sugar_cane":2,"minecraft:iron_door":1,"minecraft:wall_torch":34,"regions_unexplored:tsubaki":4,"regions_unexplored:pine_log":33,"minecraft:seagrass":1,"minecraft:light_gray_candle":1,"regions_unexplored:hyssop":27,"minecraft:nether_wart_block":8,"minecraft:wheat":172,"minecraft:grass":67,"minecraft:oak_log":16,"regions_unexplored:peat_dirt":45,"minecraft:dirt":210,"minecraft:sand":22,"regions_unexplored:clover":5,"minecraft:red_mushroom_block":2,"minecraft:netherrack":234,"minecraft:deepslate":75,"minecraft:oak_leaves":14,"regions_unexplored:glistering_sprout":1,"regions_unexplored:mycotoxic_grass":2,"minecraft:gray_candle":1,"regions_unexplored:fireweed":12,"minecraft:nether_gold_ore":67,"minecraft:tuff":22,"minecraft:light_gray_stained_glass_pane":10,"minecraft:mossy_cobblestone":5,"minecraft:dark_oak_leaves":8,"minecraft:deepslate_diamond_ore":3,"minecraft:dark_oak_log":10,"minecraft:purple_candle":1,"minecraft:sea_lantern":1,"minecraft:nether_bricks":12,"minecraft:crimson_roots":5,"minecraft:weeping_vines":1,"regions_unexplored:overgrown_bone_block":2,"minecraft:spruce_leaves":1,"regions_unexplored:pine_planks":22,"minecraft:moss_block":7,"minecraft:large_fern":2,"minecraft:redstone_ore":2,"minecraft:furnace":2,"minecraft:carrots":3,"minecraft:andesite":27,"regions_unexplored:larch_leaves":5,"minecraft:peony":4,"minecraft:gold_block":5,"minecraft:potatoes":6,"farmersdelight:rope":9,"minecraft:shroomlight":15,"minecraft:deepslate_iron_ore":77,"minecraft:vine":6,"minecraft:rail":1,"regions_unexplored:ash_vent":2,"regions_unexplored:medium_grass":57,"minecraft:stone":580,"minecraft:bone_block":2,"regions_unexplored:day_lily":1,"regions_unexplored:deepslate_viridescent_nylium":3,"regions_unexplored:redstone_bulb":2,"regions_unexplored:felicia_daisy":1,"minecraft:oak_slab":35,"regions_unexplored:glowing_green_bioshroom_block":1,"minecraft:glass_pane":1,"minecraft:red_wool":2,"regions_unexplored:silver_birch_leaf_pile":1,"regions_unexplored:pink_bioshroom":2,"minecraft:basalt":1,"regions_unexplored:mycotoxic_moss":36,"minecraft:crafting_table":12,"minecraft:emerald_ore":46,"regions_unexplored:pink_magnolia_leaves":10,"regions_unexplored:silt_dirt":10,"regions_unexplored:blackwood_log":6,"minecraft:copper_ore":26,"minecraft:tall_grass":6,"minecraft:lapis_ore":9,"minecraft:deepslate_gold_ore":36,"regions_unexplored:daisy":8,"minecraft:diorite":70,"minecraft:big_dripleaf":1,"minecraft:purple_bed":2,"minecraft:coarse_dirt":2,"travelersbackpack:magenta_sleeping_bag":18,"regions_unexplored:redstone_bud":1,"minecraft:sweet_berry_bush":14,"minecraft:birch_leaves":3,"regions_unexplored:tall_blue_bioshroom":1,"minecraft:coal_ore":206,"regions_unexplored:silver_birch_log":14,"minecraft:zombie_head":1,"minecraft:gravel":36,"minecraft:dripstone_block":1,"regions_unexplored:green_bioshroom_stem":1,"regions_unexplored:blackwood_shrub":1,"minecraft:cobweb":17,"regions_unexplored:viridescent_nylium":1,"minecraft:stone_bricks":1,"minecraft:crimson_fence":2,"minecraft:gold_ore":48,"minecraft:fern":17,"regions_unexplored:larch_shrub":1},"minecraft:used":{"regions_unexplored:silt_dirt":30,"regions_unexplored:pine_planks":58,"minecraft:chest":10,"minecraft:shield":68,"minecraft:iron_sword":62,"minecraft:iron_chestplate":3,"regions_unexplored:blackwood_boat":1,"minecraft:carrot":4,"regions_unexplored:silver_birch_sapling":1,"minecraft:tuff":15,"minecraft:obsidian":14,"regions_unexplored:blackwood_door":5,"minecraft:cyan_terracotta":2,"minecraft:oak_sapling":7,"minecraft:furnace":7,"minecraft:golden_boots":3,"minecraft:diorite":22,"regions_unexplored:redstone_bulb":1,"minecraft:oak_planks":32,"minecraft:stone_pickaxe":269,"minecraft:wooden_pickaxe":86,"travelersbackpack:iron_golem":5,"minecraft:composter":1,"naturalist:duck_egg":2,"minecraft:white_wool":1,"minecraft:golden_apple":4,"minecraft:sand":8,"minecraft:blast_furnace":6,"regions_unexplored:pine_boat":6,"minecraft:bread":101,"minecraft:cyan_bed":3,"minecraft:gravel":5,"minecraft:soul_lantern":2,"immersive_aircraft:gyrodyne":8,"minecraft:stone_sword":93,"minecraft:flint_and_steel":1,"minecraft:stone_shovel":132,"regions_unexplored:silt_grass_block":1,"travelersbackpack:bat":2,"minecraft:netherrack":235,"minecraft:orange_bed":4,"minecraft:torch":279,"minecraft:dirt":210,"minecraft:hopper":2,"regions_unexplored:magnolia_log":2,"farmersdelight:rope":9,"minecraft:dark_oak_planks":1,"minecraft:iron_axe":375,"minecraft:iron_boots":2,"minecraft:golden_carrot":1,"minecraft:cobbled_deepslate":1,"minecraft:brown_bed":7,"minecraft:iron_leggings":5,"minecraft:wheat_seeds":222,"minecraft:cooked_mutton":2,"minecraft:water_bucket":1,"minecraft:rabbit":1,"regions_unexplored:peat_dirt":5,"minecraft:green_bed":1,"minecraft:polished_blackstone_bricks":14,"minecraft:gilded_blackstone":2,"minecraft:oak_slab":65,"minecraft:crafting_table":16,"travelersbackpack:magenta_sleeping_bag":23,"minecraft:smoker":2,"regions_unexplored:pine_shrub":1,"minecraft:diamond_pickaxe":4,"minecraft:cracked_polished_blackstone_bricks":4,"minecraft:iron_pickaxe":1868,"minecraft:stone_axe":76,"minecraft:purple_bed":2,"minecraft:cobblestone":480,"minecraft:cooked_porkchop":6,"minecraft:bucket":2,"minecraft:pumpkin_pie":1,"minecraft:soul_torch":1},"minecraft:dropped":{"minecraft:glow_ink_sac":3,"minecraft:dark_oak_slab":5,"regions_unexplored:pine_shrub":1,"minecraft:leather":1,"regions_unexplored:blackwood_door":1,"minecraft:cracked_polished_blackstone_bricks":5,"minecraft:dirt":45,"minecraft:crimson_roots":7,"farmersdelight:onion":3,"minecraft:polished_blackstone_bricks":8,"minecraft:iron_pickaxe":5,"minecraft:gravel":11,"minecraft:stone_axe":2,"hangglider:hang_glider":1,"regions_unexplored:pine_boat":1,"minecraft:cobbled_deepslate":18,"minecraft:wheat":18,"minecraft:rotten_flesh":32,"minecraft:oak_planks":1,"travelersbackpack:bat":1,"regions_unexplored:mycotoxic_grass":21,"regions_unexplored:meadow_sage":1,"minecraft:egg":1,"handcrafted:white_sheet":8,"farmersdelight:tomato_seeds":10,"regions_unexplored:tsubaki":4,"minecraft:iron_ingot":4,"regions_unexplored:fireweed":6,"minecraft:wheat_seeds":11,"minecraft:mossy_cobblestone":10,"minecraft:cobblestone":56,"regions_unexplored:medium_grass":1,"regions_unexplored:day_lily":3,"regions_unexplored:blackwood_shrub":1,"minecraft:stick":2,"minecraft:diorite":20,"minecraft:ink_sac":3,"regions_unexplored:green_bioshroom_stem":1,"regions_unexplored:purple_lupine":1,"minecraft:zombie_head":1,"minecraft:iron_axe":1,"regions_unexplored:silver_birch_leaf_pile":1,"regions_unexplored:blackwood_slab":6,"regions_unexplored:pine_log":1,"minecraft:sweet_berries":16,"minecraft:coarse_dirt":2,"minecraft:stone_sword":1,"farmersdelight:cabbage_seeds":4,"regions_unexplored:clover":1,"minecraft:clay_ball":4,"regions_unexplored:hyssop":27,"minecraft:light_gray_candle":3,"regions_unexplored:silver_birch_log":3,"minecraft:peony":4,"minecraft:oak_sapling":1,"minecraft:spider_eye":2,"regions_unexplored:silt_dirt":1,"regions_unexplored:cobalt_roots":1},"minecraft:broken":{"minecraft:stone_pickaxe":2,"minecraft:stone_shovel":1,"minecraft:wooden_pickaxe":1,"minecraft:iron_axe":1,"minecraft:iron_pickaxe":5,"minecraft:iron_helmet":1},"minecraft:killed_by":{"minecraft:wither_skeleton":1,"minecraft:creeper":2,"man:managgresive":1,"minecraft:blaze":1,"minecraft:witch":1,"minecraft:zombie":1,"minecraft:skeleton":2},"minecraft:custom":{"minecraft:interact_with_crafting_table":96,"minecraft:open_barrel":7,"minecraft:leave_game":28,"minecraft:time_since_death":11980,"minecraft:damage_resisted":63,"minecraft:sprint_one_cm":1404062,"minecraft:damage_blocked_by_shield":1710,"minecraft:drop":131,"minecraft:talked_to_villager":26,"minecraft:play_time":867421,"minecraft:deaths":15,"minecraft:jump":10733,"minecraft:interact_with_brewingstand":1,"minecraft:walk_on_water_one_cm":115687,"minecraft:interact_with_furnace":64,"minecraft:sleep_in_bed":42,"minecraft:damage_dealt":18628,"minecraft:crouch_one_cm":58630,"minecraft:mob_kills":89,"minecraft:damage_dealt_resisted":225,"minecraft:climb_one_cm":64800,"minecraft:walk_one_cm":2557726,"minecraft:sneak_time":21391,"minecraft:walk_under_water_one_cm":67736,"minecraft:boat_one_cm":393742,"minecraft:interact_with_blast_furnace":6,"minecraft:total_world_time":867421,"minecraft:time_since_rest":2388,"minecraft:damage_taken":10912,"minecraft:damage_absorbed":120,"minecraft:swim_one_cm":70858,"minecraft:fly_one_cm":1292053,"minecraft:open_chest":192,"minecraft:fall_one_cm":242261}},"DataVersion":3465}