{
  "create:root": {
    "criteria": {
      "0": "2024-06-11 21:48:57 +0000"
    },
    "done": true
  },
  "1_splatus:ultris/root": {
    "criteria": {
      "c1": "2024-06-11 21:48:26 +0000"
    },
    "done": true
  },
  "minecraft:recipes/decorations/crafting_table": {
    "criteria": {
      "unlock_right_away": "2024-06-11 21:48:26 +0000"
    },
    "done": true
  },
  "minecraft:recipes/searchlight": {
    "criteria": {
      "exists": "2024-06-11 21:48:26 +0000"
    },
    "done": true
  },
  "naturalist:recipes/food/cooked_egg": {
    "criteria": {
      "has_eggs": "2024-06-11 21:48:57 +0000"
    },
    "done": true
  },
  "niftycarts:recipes/supply_cart": {
    "criteria": {
      "has_wheel": "2024-06-11 21:48:57 +0000"
    },
    "done": true
  },
  "niftycarts:recipes/plow": {
    "criteria": {
      "has_wheel": "2024-06-11 21:48:57 +0000"
    },
    "done": true
  },
  "betterdungeons:root": {
    "criteria": {
      "always": "2024-06-11 21:48:26 +0000"
    },
    "done": true
  },
  "regions_unexplored:parent": {
    "criteria": {
      "load_in_world": "2024-06-11 21:48:27 +0000"
    },
    "done": true
  },
  "betterdeserttemples:root": {
    "criteria": {
      "always": "2024-06-11 21:48:26 +0000"
    },
    "done": true
  },
  "regions_unexplored:regions_explored": {
    "criteria": {
      "pine_taiga": "2024-06-11 21:48:27 +0000"
    },
    "done": false
  },
  "farmersdelight:main/root": {
    "criteria": {
      "seeds": "2024-06-11 21:48:57 +0000"
    },
    "done": true
  },
  "regions_unexplored:pioneer": {
    "criteria": {
      "pine_taiga": "2024-06-11 21:48:27 +0000"
    },
    "done": false
  },
  "niftycarts:recipes/animal_cart": {
    "criteria": {
      "has_wheel": "2024-06-11 21:48:57 +0000"
    },
    "done": true
  },
  "DataVersion": 3465
}